count,nisin,day,temperature,ph,strain,inoculum,milk_batch,milk_age,milk_apc,cheese_make,cheese_plate,rep
315000000,N,1,6,6.5,10403S,18400000,10-Dec-16,12,30.6,1-Dec-16,a,1
239000000,N,1,6,6.5,5621,20500000,10-Dec-16,12,30.6,1-Dec-16,a,1
835000000,N,1,6,6.5,5623,21500000,10-Dec-16,12,30.6,1-Dec-16,a,1
611500000,N,1,6,6.5,5624,17400000,10-Dec-16,12,30.6,1-Dec-16,a,1
773000000,N,1,6,6.5,5625,16300000,10-Dec-16,12,30.6,1-Dec-16,a,1
1725000,Y,1,6,6.5,10403S,18400000,10-Dec-16,12,30.6,1-Dec-16,b,1
1057500,Y,1,6,6.5,5621,20500000,10-Dec-16,12,30.6,1-Dec-16,b,1
1055000,Y,1,6,6.5,5623,21500000,10-Dec-16,12,30.6,1-Dec-16,b,1
617000,Y,1,6,6.5,5624,17400000,10-Dec-16,12,30.6,1-Dec-16,b,1
691500,Y,1,6,6.5,5625,16300000,10-Dec-16,12,30.6,1-Dec-16,b,1
586500000,N,7,6,6.5,10403S,18400000,10-Dec-16,12,30.6,1-Dec-16,c,1
6020000000,N,7,6,6.5,5621,20500000,10-Dec-16,12,30.6,1-Dec-16,c,1
1191500000,N,7,6,6.5,5623,21500000,10-Dec-16,12,30.6,1-Dec-16,c,1
1160000000,N,7,6,6.5,5624,17400000,10-Dec-16,12,30.6,1-Dec-16,c,1
988500000,N,7,6,6.5,5625,16300000,10-Dec-16,12,30.6,1-Dec-16,c,1
132000,Y,7,6,6.5,10403S,18400000,10-Dec-16,12,30.6,1-Dec-16,d,1
375000,Y,7,6,6.5,5621,20500000,10-Dec-16,12,30.6,1-Dec-16,d,1
1004000,Y,7,6,6.5,5623,21500000,10-Dec-16,12,30.6,1-Dec-16,d,1
493000,Y,7,6,6.5,5624,17400000,10-Dec-16,12,30.6,1-Dec-16,d,1
2390000,Y,7,6,6.5,5625,16300000,10-Dec-16,12,30.6,1-Dec-16,d,1
898500000,N,14,6,6.5,10403S,18400000,10-Dec-16,12,30.6,1-Dec-16,e,1
1329000000,N,14,6,6.5,5621,20500000,10-Dec-16,12,30.6,1-Dec-16,e,1
1655000000,N,14,6,6.5,5623,21500000,10-Dec-16,12,30.6,1-Dec-16,e,1
1655000000,N,14,6,6.5,5624,17400000,10-Dec-16,12,30.6,1-Dec-16,e,1
1573500000,N,14,6,6.5,5625,16300000,10-Dec-16,12,30.6,1-Dec-16,e,1
1070000,Y,14,6,6.5,10403S,18400000,10-Dec-16,12,30.6,1-Dec-16,f,1
34300000,Y,14,6,6.5,5621,20500000,10-Dec-16,12,30.6,1-Dec-16,f,1
82350000,Y,14,6,6.5,5623,21500000,10-Dec-16,12,30.6,1-Dec-16,f,1
16150000,Y,14,6,6.5,5624,17400000,10-Dec-16,12,30.6,1-Dec-16,f,1
88700000,Y,14,6,6.5,5625,16300000,10-Dec-16,12,30.6,1-Dec-16,f,1
616500000,N,1,6,6.5,10403S,10200000,13-Jan-17,10,0,2-Jan-17,a,2
682500000,N,1,6,6.5,5621,24600000,13-Jan-17,10,0,2-Jan-17,a,2
889500000,N,1,6,6.5,5623,41900000,13-Jan-17,10,0,2-Jan-17,a,2
645500000,N,1,6,6.5,5624,43900000,13-Jan-17,10,0,2-Jan-17,a,2
777000000,N,1,6,6.5,5625,33700000,13-Jan-17,10,0,2-Jan-17,a,2
804000,Y,1,6,6.5,10403S,10200000,13-Jan-17,10,0,2-Jan-17,b,2
1490000,Y,1,6,6.5,5621,24600000,13-Jan-17,10,0,2-Jan-17,b,2
3115000,Y,1,6,6.5,5623,41900000,13-Jan-17,10,0,2-Jan-17,b,2
5920000,Y,1,6,6.5,5624,43900000,13-Jan-17,10,0,2-Jan-17,b,2
9050000,Y,1,6,6.5,5625,33700000,13-Jan-17,10,0,2-Jan-17,b,2
709500000,N,7,6,6.5,10403S,10200000,13-Jan-17,10,0,2-Jan-17,c,2
1050000000,N,7,6,6.5,5621,24600000,13-Jan-17,10,0,2-Jan-17,c,2
1325000000,N,7,6,6.5,5623,41900000,13-Jan-17,10,0,2-Jan-17,c,2
1260000000,N,7,6,6.5,5624,43900000,13-Jan-17,10,0,2-Jan-17,c,2
1635000000,N,7,6,6.5,5625,33700000,13-Jan-17,10,0,2-Jan-17,c,2
604500,Y,7,6,6.5,10403S,10200000,13-Jan-17,10,0,2-Jan-17,d,2
839500,Y,7,6,6.5,5621,24600000,13-Jan-17,10,0,2-Jan-17,d,2
1700000,Y,7,6,6.5,5623,41900000,13-Jan-17,10,0,2-Jan-17,d,2
1275000,Y,7,6,6.5,5624,43900000,13-Jan-17,10,0,2-Jan-17,d,2
1251500,Y,7,6,6.5,5625,33700000,13-Jan-17,10,0,2-Jan-17,d,2
635500000,N,14,6,6.5,10403S,10200000,13-Jan-17,10,0,2-Jan-17,e,2
1835000000,N,14,6,6.5,5621,24600000,13-Jan-17,10,0,2-Jan-17,e,2
44700000,N,14,6,6.5,5623,41900000,13-Jan-17,10,0,2-Jan-17,e,2
1565000000,N,14,6,6.5,5624,43900000,13-Jan-17,10,0,2-Jan-17,e,2
2270000000,N,14,6,6.5,5625,33700000,13-Jan-17,10,0,2-Jan-17,e,2
3485000,Y,14,6,6.5,10403S,10200000,13-Jan-17,10,0,2-Jan-17,f,2
13550000,Y,14,6,6.5,5621,24600000,13-Jan-17,10,0,2-Jan-17,f,2
2150000000,Y,14,6,6.5,5623,41900000,13-Jan-17,10,0,2-Jan-17,f,2
101800000,Y,14,6,6.5,5624,43900000,13-Jan-17,10,0,2-Jan-17,f,2
321000000,Y,14,6,6.5,5625,33700000,13-Jan-17,10,0,2-Jan-17,f,2
224000000,N,1,6,6.5,10403S,6630000,20-Jan-17,10,0,9-Jan-17,a,3
229500000,N,1,6,6.5,5621,13000000,20-Jan-17,10,0,9-Jan-17,a,3
462000000,N,1,6,6.5,5623,14600000,20-Jan-17,10,0,9-Jan-17,a,3
374000000,N,1,6,6.5,5624,15100000,20-Jan-17,10,0,9-Jan-17,a,3
391000000,N,1,6,6.5,5625,11700000,20-Jan-17,10,0,9-Jan-17,a,3
5550000,Y,1,6,6.5,10403S,6630000,20-Jan-17,10,0,9-Jan-17,b,3
5220000,Y,1,6,6.5,5621,13000000,20-Jan-17,10,0,9-Jan-17,b,3
13140000,Y,1,6,6.5,5623,14600000,20-Jan-17,10,0,9-Jan-17,b,3
2930000,Y,1,6,6.5,5624,15100000,20-Jan-17,10,0,9-Jan-17,b,3
14400000,Y,1,6,6.5,5625,11700000,20-Jan-17,10,0,9-Jan-17,b,3
1157500000,N,7,6,6.5,10403S,6630000,20-Jan-17,10,0,9-Jan-17,c,3
1129000000,N,7,6,6.5,5621,13000000,20-Jan-17,10,0,9-Jan-17,c,3
1730000000,N,7,6,6.5,5623,14600000,20-Jan-17,10,0,9-Jan-17,c,3
1105000000,N,7,6,6.5,5624,15100000,20-Jan-17,10,0,9-Jan-17,c,3
1063500000,N,7,6,6.5,5625,11700000,20-Jan-17,10,0,9-Jan-17,c,3
229000,Y,7,6,6.5,10403S,6630000,20-Jan-17,10,0,9-Jan-17,d,3
17300000,Y,7,6,6.5,5621,13000000,20-Jan-17,10,0,9-Jan-17,d,3
2180000,Y,7,6,6.5,5623,14600000,20-Jan-17,10,0,9-Jan-17,d,3
724500,Y,7,6,6.5,5624,15100000,20-Jan-17,10,0,9-Jan-17,d,3
431000000,Y,7,6,6.5,5625,11700000,20-Jan-17,10,0,9-Jan-17,d,3
996000000,N,14,6,6.5,10403S,6630000,20-Jan-17,10,0,9-Jan-17,e,3
1550000000,N,14,6,6.5,5621,13000000,20-Jan-17,10,0,9-Jan-17,e,3
1805000000,N,14,6,6.5,5623,14600000,20-Jan-17,10,0,9-Jan-17,e,3
1765000000,N,14,6,6.5,5624,15100000,20-Jan-17,10,0,9-Jan-17,e,3
2025000000,N,14,6,6.5,5625,11700000,20-Jan-17,10,0,9-Jan-17,e,3
1130000,Y,14,6,6.5,10403S,6630000,20-Jan-17,10,0,9-Jan-17,f,3
13300000,Y,14,6,6.5,5621,13000000,20-Jan-17,10,0,9-Jan-17,f,3
24900000,Y,14,6,6.5,5623,14600000,20-Jan-17,10,0,9-Jan-17,f,3
12050000,Y,14,6,6.5,5624,15100000,20-Jan-17,10,0,9-Jan-17,f,3
485000000,Y,14,6,6.5,5625,11700000,20-Jan-17,10,0,9-Jan-17,f,3
1012500000,N,1,14,6.5,10403S,30700000,18-Dec-16,4,184,3-Dec-16,a,1
979500000,N,1,14,6.5,5621,19500000,18-Dec-16,4,184,3-Dec-16,a,1
953500000,N,1,14,6.5,5623,22500000,18-Dec-16,4,184,3-Dec-16,a,1
1081000000,N,1,14,6.5,5624,36800000,18-Dec-16,4,184,3-Dec-16,a,1
1605000000,N,1,14,6.5,5625,28600000,18-Dec-16,4,184,3-Dec-16,a,1
9405000,Y,1,14,6.5,5621,19500000,18-Dec-16,4,184,3-Dec-16,b,1
2305000,Y,1,14,6.5,5623,22500000,18-Dec-16,4,184,3-Dec-16,b,1
7655000,Y,1,14,6.5,5624,36800000,18-Dec-16,4,184,3-Dec-16,b,1
7710000,Y,1,14,6.5,5625,28600000,18-Dec-16,4,184,3-Dec-16,b,1
1790000000,N,7,14,6.5,10403S,30700000,18-Dec-16,4,184,3-Dec-16,c,1
2090000000,N,7,14,6.5,5621,19500000,18-Dec-16,4,184,3-Dec-16,c,1
2175000000,N,7,14,6.5,5623,22500000,18-Dec-16,4,184,3-Dec-16,c,1
2285000000,N,7,14,6.5,5624,36800000,18-Dec-16,4,184,3-Dec-16,c,1
2140000000,N,7,14,6.5,5625,28600000,18-Dec-16,4,184,3-Dec-16,c,1
45750000,Y,7,14,6.5,10403S,30700000,18-Dec-16,4,184,3-Dec-16,d,1
732000000,Y,7,14,6.5,5621,19500000,18-Dec-16,4,184,3-Dec-16,d,1
1190000000,Y,7,14,6.5,5623,22500000,18-Dec-16,4,184,3-Dec-16,d,1
840000000,Y,7,14,6.5,5624,36800000,18-Dec-16,4,184,3-Dec-16,d,1
939500000,Y,7,14,6.5,5625,28600000,18-Dec-16,4,184,3-Dec-16,d,1
79050000,N,14,14,6.5,10403S,30700000,18-Dec-16,4,184,3-Dec-16,e,1
1724500000,N,14,14,6.5,5621,19500000,18-Dec-16,4,184,3-Dec-16,e,1
502500000,N,14,14,6.5,5623,22500000,18-Dec-16,4,184,3-Dec-16,e,1
1310000000,N,14,14,6.5,5624,36800000,18-Dec-16,4,184,3-Dec-16,e,1
952500000,N,14,14,6.5,5625,28600000,18-Dec-16,4,184,3-Dec-16,e,1
1000000000,Y,14,14,6.5,10403S,30700000,18-Dec-16,4,184,3-Dec-16,f,1
955500000,Y,14,14,6.5,5621,19500000,18-Dec-16,4,184,3-Dec-16,f,1
935000000,Y,14,14,6.5,5623,22500000,18-Dec-16,4,184,3-Dec-16,f,1
981500000,Y,14,14,6.5,5624,36800000,18-Dec-16,4,184,3-Dec-16,f,1
956000000,Y,14,14,6.5,5625,28600000,18-Dec-16,4,184,3-Dec-16,f,1
469000000,N,1,14,6.5,10403S,31800000,13-Jan-17,11,0,3-Jan-17,a,2
1380000000,N,1,14,6.5,5621,30900000,13-Jan-17,11,0,3-Jan-17,a,2
1094500000,N,1,14,6.5,5623,41400000,13-Jan-17,11,0,3-Jan-17,a,2
1710000000,N,1,14,6.5,5624,21700000,13-Jan-17,11,0,3-Jan-17,a,2
998500000,N,1,14,6.5,5625,26600000,13-Jan-17,11,0,3-Jan-17,a,2
586500,Y,1,14,6.5,10403S,31800000,13-Jan-17,11,0,3-Jan-17,b,2
1282500,Y,1,14,6.5,5621,30900000,13-Jan-17,11,0,3-Jan-17,b,2
537000,Y,1,14,6.5,5623,41400000,13-Jan-17,11,0,3-Jan-17,b,2
521500,Y,1,14,6.5,5624,21700000,13-Jan-17,11,0,3-Jan-17,b,2
7950000,Y,1,14,6.5,5625,26600000,13-Jan-17,11,0,3-Jan-17,b,2
907000000,N,7,14,6.5,10403S,31800000,13-Jan-17,11,0,3-Jan-17,c,2
949000000,N,7,14,6.5,5621,30900000,13-Jan-17,11,0,3-Jan-17,c,2
2170000000,N,7,14,6.5,5623,41400000,13-Jan-17,11,0,3-Jan-17,c,2
1905000000,N,7,14,6.5,5624,21700000,13-Jan-17,11,0,3-Jan-17,c,2
1870000000,N,7,14,6.5,5625,26600000,13-Jan-17,11,0,3-Jan-17,c,2
7310000,Y,7,14,6.5,10403S,31800000,13-Jan-17,11,0,3-Jan-17,d,2
363300000,Y,7,14,6.5,5621,30900000,13-Jan-17,11,0,3-Jan-17,d,2
524500000,Y,7,14,6.5,5623,41400000,13-Jan-17,11,0,3-Jan-17,d,2
285650000,Y,7,14,6.5,5624,21700000,13-Jan-17,11,0,3-Jan-17,d,2
645000000,Y,7,14,6.5,5625,26600000,13-Jan-17,11,0,3-Jan-17,d,2
653500000,N,14,14,6.5,10403S,31800000,13-Jan-17,11,0,3-Jan-17,e,2
511850000,N,14,14,6.5,5621,30900000,13-Jan-17,11,0,3-Jan-17,e,2
1430000000,N,14,14,6.5,5623,41400000,13-Jan-17,11,0,3-Jan-17,e,2
1044500000,N,14,14,6.5,5624,21700000,13-Jan-17,11,0,3-Jan-17,e,2
1790000000,N,14,14,6.5,5625,26600000,13-Jan-17,11,0,3-Jan-17,e,2
203250000,Y,14,14,6.5,10403S,31800000,13-Jan-17,11,0,3-Jan-17,f,2
902000000,Y,14,14,6.5,5621,30900000,13-Jan-17,11,0,3-Jan-17,f,2
580000000,Y,14,14,6.5,5623,41400000,13-Jan-17,11,0,3-Jan-17,f,2
769500000,Y,14,14,6.5,5624,21700000,13-Jan-17,11,0,3-Jan-17,f,2
937000000,Y,14,14,6.5,5625,26600000,13-Jan-17,11,0,3-Jan-17,f,2
630500000,N,1,14,6.5,10403S,7500000,20-Jan-17,11,10,10-Jan-17,a,3
1107000000,N,1,14,6.5,5621,22200000,20-Jan-17,11,10,10-Jan-17,a,3
989500000,N,1,14,6.5,5623,28000000,20-Jan-17,11,10,10-Jan-17,a,3
1655000000,N,1,14,6.5,5624,18400000,20-Jan-17,11,10,10-Jan-17,a,3
783500000,N,1,14,6.5,5625,22800000,20-Jan-17,11,10,10-Jan-17,a,3
755000,Y,1,14,6.5,10403S,7500000,20-Jan-17,11,10,10-Jan-17,b,3
2125000,Y,1,14,6.5,5621,22200000,20-Jan-17,11,10,10-Jan-17,b,3
789500,Y,1,14,6.5,5623,28000000,20-Jan-17,11,10,10-Jan-17,b,3
515000,Y,1,14,6.5,5624,18400000,20-Jan-17,11,10,10-Jan-17,b,3
3780000,Y,1,14,6.5,5625,22800000,20-Jan-17,11,10,10-Jan-17,b,3
679000000,N,7,14,6.5,10403S,7500000,20-Jan-17,11,10,10-Jan-17,c,3
1395500000,N,7,14,6.5,5621,22200000,20-Jan-17,11,10,10-Jan-17,c,3
1830000000,N,7,14,6.5,5623,28000000,20-Jan-17,11,10,10-Jan-17,c,3
1595000000,N,7,14,6.5,5624,18400000,20-Jan-17,11,10,10-Jan-17,c,3
1870000000,N,7,14,6.5,5625,22800000,20-Jan-17,11,10,10-Jan-17,c,3
2460000,Y,7,14,6.5,10403S,7500000,20-Jan-17,11,10,10-Jan-17,d,3
307500000,Y,7,14,6.5,5621,22200000,20-Jan-17,11,10,10-Jan-17,d,3
409500000,Y,7,14,6.5,5623,28000000,20-Jan-17,11,10,10-Jan-17,d,3
107000000,Y,7,14,6.5,5624,18400000,20-Jan-17,11,10,10-Jan-17,d,3
1024500000,Y,7,14,6.5,5625,22800000,20-Jan-17,11,10,10-Jan-17,d,3
1380000000,N,14,14,6.5,10403S,7500000,20-Jan-17,11,10,10-Jan-17,e,3
2195000000,N,14,14,6.5,5621,22200000,20-Jan-17,11,10,10-Jan-17,e,3
3345000000,N,14,14,6.5,5623,28000000,20-Jan-17,11,10,10-Jan-17,e,3
2785000000,N,14,14,6.5,5624,18400000,20-Jan-17,11,10,10-Jan-17,e,3
2605000000,N,14,14,6.5,5625,22800000,20-Jan-17,11,10,10-Jan-17,e,3
21900000,Y,14,14,6.5,10403S,7500000,20-Jan-17,11,10,10-Jan-17,f,3
735000000,Y,14,14,6.5,5621,22200000,20-Jan-17,11,10,10-Jan-17,f,3
547000000,Y,14,14,6.5,5623,28000000,20-Jan-17,11,10,10-Jan-17,f,3
1252000000,Y,14,14,6.5,5624,18400000,20-Jan-17,11,10,10-Jan-17,f,3
2070000000,Y,14,14,6.5,5625,22800000,20-Jan-17,11,10,10-Jan-17,f,3
103500000,N,1,22,6.5,10403S,27600000,27-Jan-17,10,10.2,16-Jan-17,a,1
29150000,N,1,22,6.5,5621,10700000,27-Jan-17,10,10.2,16-Jan-17,a,1
346500000,N,1,22,6.5,5623,18300000,27-Jan-17,10,10.2,16-Jan-17,a,1
585000000,N,1,22,6.5,5624,25700000,27-Jan-17,10,10.2,16-Jan-17,a,1
262704500,N,1,22,6.5,5625,20400000,27-Jan-17,10,10.2,16-Jan-17,a,1
2005000,Y,1,22,6.5,10403S,27600000,27-Jan-17,10,10.2,16-Jan-17,b,1
330500000,Y,1,22,6.5,5621,10700000,27-Jan-17,10,10.2,16-Jan-17,b,1
5400000,Y,1,22,6.5,5623,18300000,27-Jan-17,10,10.2,16-Jan-17,b,1
466500,Y,1,22,6.5,5624,25700000,27-Jan-17,10,10.2,16-Jan-17,b,1
3270000,Y,1,22,6.5,5625,20400000,27-Jan-17,10,10.2,16-Jan-17,b,1
448150000,N,7,22,6.5,10403S,27600000,27-Jan-17,10,10.2,16-Jan-17,c,1
1322000000,N,7,22,6.5,5621,10700000,27-Jan-17,10,10.2,16-Jan-17,c,1
1167500000,N,7,22,6.5,5623,18300000,27-Jan-17,10,10.2,16-Jan-17,c,1
1545000000,N,7,22,6.5,5624,25700000,27-Jan-17,10,10.2,16-Jan-17,c,1
2255000000,N,7,22,6.5,5625,20400000,27-Jan-17,10,10.2,16-Jan-17,c,1
447500000,Y,7,22,6.5,10403S,27600000,27-Jan-17,10,10.2,16-Jan-17,d,1
904500000,Y,7,22,6.5,5621,10700000,27-Jan-17,10,10.2,16-Jan-17,d,1
899500000,Y,7,22,6.5,5623,18300000,27-Jan-17,10,10.2,16-Jan-17,d,1
997000000,Y,7,22,6.5,5624,25700000,27-Jan-17,10,10.2,16-Jan-17,d,1
963500000,Y,7,22,6.5,5625,20400000,27-Jan-17,10,10.2,16-Jan-17,d,1
461000000,N,14,22,6.5,10403S,27600000,27-Jan-17,10,10.2,16-Jan-17,e,1
5925000000,N,14,22,6.5,5621,10700000,27-Jan-17,10,10.2,16-Jan-17,e,1
1135000000,N,14,22,6.5,5623,18300000,27-Jan-17,10,10.2,16-Jan-17,e,1
6065000000,N,14,22,6.5,5624,25700000,27-Jan-17,10,10.2,16-Jan-17,e,1
9315000000,N,14,22,6.5,5625,20400000,27-Jan-17,10,10.2,16-Jan-17,e,1
1090000000,Y,14,22,6.5,10403S,27600000,27-Jan-17,10,10.2,16-Jan-17,f,1
922000000,Y,14,22,6.5,5621,10700000,27-Jan-17,10,10.2,16-Jan-17,f,1
1206500000,Y,14,22,6.5,5623,18300000,27-Jan-17,10,10.2,16-Jan-17,f,1
1156000000,Y,14,22,6.5,5624,25700000,27-Jan-17,10,10.2,16-Jan-17,f,1
1510200000,Y,14,22,6.5,5625,20400000,27-Jan-17,10,10.2,16-Jan-17,f,1
1176500000,N,1,22,6.5,10403S,349000000,13-Jan-17,12,30.6,4-Jan-17,a,2
1260000000,N,1,22,6.5,5621,176000000,13-Jan-17,12,30.6,4-Jan-17,a,2
1830000000,N,1,22,6.5,5623,378000000,13-Jan-17,12,30.6,4-Jan-17,a,2
1445000000,N,1,22,6.5,5624,391000000,13-Jan-17,12,30.6,4-Jan-17,a,2
1465000000,N,1,22,6.5,5625,12400000,13-Jan-17,12,30.6,4-Jan-17,a,2
1045500,Y,1,22,6.5,10403S,349000000,13-Jan-17,12,30.6,4-Jan-17,b,2
41200000,Y,1,22,6.5,5621,176000000,13-Jan-17,12,30.6,4-Jan-17,b,2
1560000,Y,1,22,6.5,5623,378000000,13-Jan-17,12,30.6,4-Jan-17,b,2
1145000,Y,1,22,6.5,5624,391000000,13-Jan-17,12,30.6,4-Jan-17,b,2
120000000,Y,1,22,6.5,5625,12400000,13-Jan-17,12,30.6,4-Jan-17,b,2
805500000,N,7,22,6.5,10403S,349000000,13-Jan-17,12,30.6,4-Jan-17,c,2
2040000000,N,7,22,6.5,5621,176000000,13-Jan-17,12,30.6,4-Jan-17,c,2
1775000000,N,7,22,6.5,5623,378000000,13-Jan-17,12,30.6,4-Jan-17,c,2
2235000000,N,7,22,6.5,5624,391000000,13-Jan-17,12,30.6,4-Jan-17,c,2
1195000000,N,7,22,6.5,5625,12400000,13-Jan-17,12,30.6,4-Jan-17,c,2
746500000,Y,7,22,6.5,10403S,349000000,13-Jan-17,12,30.6,4-Jan-17,d,2
801000000,Y,7,22,6.5,5621,176000000,13-Jan-17,12,30.6,4-Jan-17,d,2
765000000,Y,7,22,6.5,5623,378000000,13-Jan-17,12,30.6,4-Jan-17,d,2
977500000,Y,7,22,6.5,5624,391000000,13-Jan-17,12,30.6,4-Jan-17,d,2
1038500000,Y,7,22,6.5,5625,12400000,13-Jan-17,12,30.6,4-Jan-17,d,2
409000000,N,14,22,6.5,10403S,349000000,13-Jan-17,12,30.6,4-Jan-17,e,2
3662500000,N,14,22,6.5,5621,176000000,13-Jan-17,12,30.6,4-Jan-17,e,2
5395500000,N,14,22,6.5,5623,378000000,13-Jan-17,12,30.6,4-Jan-17,e,2
2560900000,N,14,22,6.5,5624,391000000,13-Jan-17,12,30.6,4-Jan-17,e,2
1500650000,N,14,22,6.5,5625,12400000,13-Jan-17,12,30.6,4-Jan-17,e,2
507500000,Y,14,22,6.5,10403S,349000000,13-Jan-17,12,30.6,4-Jan-17,f,2
1040000000,Y,14,22,6.5,5621,176000000,13-Jan-17,12,30.6,4-Jan-17,f,2
28559000,Y,14,22,6.5,5623,378000000,13-Jan-17,12,30.6,4-Jan-17,f,2
1135000000,Y,14,22,6.5,5624,391000000,13-Jan-17,12,30.6,4-Jan-17,f,2
1590000000,Y,14,22,6.5,5625,12400000,13-Jan-17,12,30.6,4-Jan-17,f,2
825000000,N,1,22,6.5,10403S,46200000,20-Jan-17,12,10.2,11-Jan-17,a,3
1390000000,N,1,22,6.5,5621,36900000,20-Jan-17,12,10.2,11-Jan-17,a,3
1170000000,N,1,22,6.5,5623,37000000,20-Jan-17,12,10.2,11-Jan-17,a,3
1675000000,N,1,22,6.5,5624,62700000,20-Jan-17,12,10.2,11-Jan-17,a,3
1665000000,N,1,22,6.5,5625,40800000,20-Jan-17,12,10.2,11-Jan-17,a,3
1295000,Y,1,22,6.5,10403S,46200000,20-Jan-17,12,10.2,11-Jan-17,b,3
68350000,Y,1,22,6.5,5621,36900000,20-Jan-17,12,10.2,11-Jan-17,b,3
8225000,Y,1,22,6.5,5623,37000000,20-Jan-17,12,10.2,11-Jan-17,b,3
926500,Y,1,22,6.5,5624,62700000,20-Jan-17,12,10.2,11-Jan-17,b,3
42050000,Y,1,22,6.5,5625,40800000,20-Jan-17,12,10.2,11-Jan-17,b,3
90300000,N,7,22,6.5,10403S,46200000,20-Jan-17,12,10.2,11-Jan-17,c,3
1053000000,N,7,22,6.5,5621,36900000,20-Jan-17,12,10.2,11-Jan-17,c,3
1021500000,N,7,22,6.5,5623,37000000,20-Jan-17,12,10.2,11-Jan-17,c,3
1081000000,N,7,22,6.5,5624,62700000,20-Jan-17,12,10.2,11-Jan-17,c,3
929750000,N,7,22,6.5,5625,40800000,20-Jan-17,12,10.2,11-Jan-17,c,3
849500000,Y,7,22,6.5,10403S,46200000,20-Jan-17,12,10.2,11-Jan-17,d,3
626500000,Y,7,22,6.5,5621,36900000,20-Jan-17,12,10.2,11-Jan-17,d,3
837500000,Y,7,22,6.5,5623,37000000,20-Jan-17,12,10.2,11-Jan-17,d,3
951500000,Y,7,22,6.5,5624,62700000,20-Jan-17,12,10.2,11-Jan-17,d,3
551500000,Y,7,22,6.5,5625,40800000,20-Jan-17,12,10.2,11-Jan-17,d,3
1580000000,N,14,22,6.5,10403S,46200000,20-Jan-17,12,10.2,11-Jan-17,e,3
2430000000,N,14,22,6.5,5621,36900000,20-Jan-17,12,10.2,11-Jan-17,e,3
2080000000,N,14,22,6.5,5623,37000000,20-Jan-17,12,10.2,11-Jan-17,e,3
2550000000,N,14,22,6.5,5624,62700000,20-Jan-17,12,10.2,11-Jan-17,e,3
2005000000,N,14,22,6.5,5625,40800000,20-Jan-17,12,10.2,11-Jan-17,e,3
719000000,Y,14,22,6.5,10403S,46200000,20-Jan-17,12,10.2,11-Jan-17,f,3
740500000,Y,14,22,6.5,5621,36900000,20-Jan-17,12,10.2,11-Jan-17,f,3
991000000,Y,14,22,6.5,5623,37000000,20-Jan-17,12,10.2,11-Jan-17,f,3
1170000000,Y,14,22,6.5,5624,62700000,20-Jan-17,12,10.2,11-Jan-17,f,3
673000000,Y,14,22,6.5,5625,40800000,20-Jan-17,12,10.2,11-Jan-17,f,3
139500000,N,1,6,6,10403S,32700000,10-Dec-16,17,0,6-Dec-16,a,1
129000000,N,1,6,6,5621,27300000,10-Dec-16,17,0,6-Dec-16,a,1
140500000,N,1,6,6,5623,27600000,10-Dec-16,17,0,6-Dec-16,a,1
405500000,N,1,6,6,5624,27600000,10-Dec-16,17,0,6-Dec-16,a,1
381500000,N,1,6,6,5625,17400000,10-Dec-16,17,0,6-Dec-16,a,1
4825000,Y,1,6,6,10403S,32700000,10-Dec-16,17,0,6-Dec-16,b,1
3550000,Y,1,6,6,5621,27300000,10-Dec-16,17,0,6-Dec-16,b,1
3270000,Y,1,6,6,5623,27600000,10-Dec-16,17,0,6-Dec-16,b,1
3110000,Y,1,6,6,5624,27600000,10-Dec-16,17,0,6-Dec-16,b,1
4095000,Y,1,6,6,5625,17400000,10-Dec-16,17,0,6-Dec-16,b,1
715000000,N,7,6,6,10403S,32700000,10-Dec-16,17,0,6-Dec-16,c,1
795500000,N,7,6,6,5621,27300000,10-Dec-16,17,0,6-Dec-16,c,1
1020900000,N,7,6,6,5623,27600000,10-Dec-16,17,0,6-Dec-16,c,1
880450000,N,7,6,6,5624,27600000,10-Dec-16,17,0,6-Dec-16,c,1
880000000,N,7,6,6,5625,17400000,10-Dec-16,17,0,6-Dec-16,c,1
83800,Y,7,6,6,10403S,32700000,10-Dec-16,17,0,6-Dec-16,d,1
885000,Y,7,6,6,5621,27300000,10-Dec-16,17,0,6-Dec-16,d,1
398500,Y,7,6,6,5623,27600000,10-Dec-16,17,0,6-Dec-16,d,1
918000,Y,7,6,6,5624,27600000,10-Dec-16,17,0,6-Dec-16,d,1
352000,Y,7,6,6,5625,17400000,10-Dec-16,17,0,6-Dec-16,d,1
243500000,N,14,6,6,10403S,32700000,10-Dec-16,17,0,6-Dec-16,e,1
1185000000,N,14,6,6,5621,27300000,10-Dec-16,17,0,6-Dec-16,e,1
1350000000,N,14,6,6,5623,27600000,10-Dec-16,17,0,6-Dec-16,e,1
525500000,N,14,6,6,5624,27600000,10-Dec-16,17,0,6-Dec-16,e,1
1225000000,N,14,6,6,5625,17400000,10-Dec-16,17,0,6-Dec-16,e,1
61300,Y,14,6,6,10403S,32700000,10-Dec-16,17,0,6-Dec-16,f,1
288500,Y,14,6,6,5621,27300000,10-Dec-16,17,0,6-Dec-16,f,1
1640000,Y,14,6,6,5623,27600000,10-Dec-16,17,0,6-Dec-16,f,1
912500,Y,14,6,6,5624,27600000,10-Dec-16,17,0,6-Dec-16,f,1
13800000,Y,14,6,6,5625,17400000,10-Dec-16,17,0,6-Dec-16,f,1
125450000,N,1,6,6,10403S,2860000,13-Jan-17,13,0,5-Jan-17,a,2
176500000,N,1,6,6,5621,2450000,13-Jan-17,13,0,5-Jan-17,a,2
216500000,N,1,6,6,5623,17400000,13-Jan-17,13,0,5-Jan-17,a,2
207500000,N,1,6,6,5624,24900000,13-Jan-17,13,0,5-Jan-17,a,2
175000000,N,1,6,6,5625,17100000,13-Jan-17,13,0,5-Jan-17,a,2
6845000,Y,1,6,6,10403S,2860000,13-Jan-17,13,0,5-Jan-17,b,2
13200000,Y,1,6,6,5621,2450000,13-Jan-17,13,0,5-Jan-17,b,2
13795000,Y,1,6,6,5623,17400000,13-Jan-17,13,0,5-Jan-17,b,2
10215000,Y,1,6,6,5624,24900000,13-Jan-17,13,0,5-Jan-17,b,2
13002000,Y,1,6,6,5625,17100000,13-Jan-17,13,0,5-Jan-17,b,2
104100000,N,7,6,6,10403S,2860000,13-Jan-17,13,0,5-Jan-17,c,2
839000000,N,7,6,6,5621,2450000,13-Jan-17,13,0,5-Jan-17,c,2
993500000,N,7,6,6,5623,17400000,13-Jan-17,13,0,5-Jan-17,c,2
1675000000,N,7,6,6,5624,24900000,13-Jan-17,13,0,5-Jan-17,c,2
854000000,N,7,6,6,5625,17100000,13-Jan-17,13,0,5-Jan-17,c,2
283000,Y,7,6,6,10403S,2860000,13-Jan-17,13,0,5-Jan-17,d,2
761500,Y,7,6,6,5621,2450000,13-Jan-17,13,0,5-Jan-17,d,2
1095000,Y,7,6,6,5623,17400000,13-Jan-17,13,0,5-Jan-17,d,2
1129500,Y,7,6,6,5624,24900000,13-Jan-17,13,0,5-Jan-17,d,2
497000,Y,7,6,6,5625,17100000,13-Jan-17,13,0,5-Jan-17,d,2
219235000,N,14,6,6,10403S,2860000,13-Jan-17,13,0,5-Jan-17,e,2
1825000000,N,14,6,6,5621,2450000,13-Jan-17,13,0,5-Jan-17,e,2
170806500,N,14,6,6,5623,17400000,13-Jan-17,13,0,5-Jan-17,e,2
170806500,N,14,6,6,5624,24900000,13-Jan-17,13,0,5-Jan-17,e,2
1097500000,N,14,6,6,5625,17100000,13-Jan-17,13,0,5-Jan-17,e,2
123500,Y,14,6,6,10403S,2860000,13-Jan-17,13,0,5-Jan-17,f,2
746000,Y,14,6,6,5621,2450000,13-Jan-17,13,0,5-Jan-17,f,2
337500,Y,14,6,6,5623,17400000,13-Jan-17,13,0,5-Jan-17,f,2
317000,Y,14,6,6,5624,24900000,13-Jan-17,13,0,5-Jan-17,f,2
18250000,Y,14,6,6,5625,17100000,13-Jan-17,13,0,5-Jan-17,f,2
190000000,N,1,6,6,10403S,26100000,20-Jan-17,13,30.6,12-Jan-17,a,3
231000000,N,1,6,6,5621,22800000,20-Jan-17,13,30.6,12-Jan-17,a,3
170500,N,1,6,6,5623,35000000,20-Jan-17,13,30.6,12-Jan-17,a,3
104165000,N,1,6,6,5624,42700000,20-Jan-17,13,30.6,12-Jan-17,a,3
24950000,N,1,6,6,5625,34400000,20-Jan-17,13,30.6,12-Jan-17,a,3
19900000,Y,1,6,6,10403S,26100000,20-Jan-17,13,30.6,12-Jan-17,b,3
7385000,Y,1,6,6,5621,22800000,20-Jan-17,13,30.6,12-Jan-17,b,3
11900000,Y,1,6,6,5623,35000000,20-Jan-17,13,30.6,12-Jan-17,b,3
9320000,Y,1,6,6,5624,42700000,20-Jan-17,13,30.6,12-Jan-17,b,3
15400000,Y,1,6,6,5625,34400000,20-Jan-17,13,30.6,12-Jan-17,b,3
1100000000,N,7,6,6,10403S,26100000,20-Jan-17,13,30.6,12-Jan-17,c,3
1475000000,N,7,6,6,5621,22800000,20-Jan-17,13,30.6,12-Jan-17,c,3
1185000000,N,7,6,6,5623,35000000,20-Jan-17,13,30.6,12-Jan-17,c,3
1585000000,N,7,6,6,5624,42700000,20-Jan-17,13,30.6,12-Jan-17,c,3
1460000000,N,7,6,6,5625,34400000,20-Jan-17,13,30.6,12-Jan-17,c,3
117500,Y,7,6,6,10403S,26100000,20-Jan-17,13,30.6,12-Jan-17,d,3
655500,Y,7,6,6,5621,22800000,20-Jan-17,13,30.6,12-Jan-17,d,3
146000,Y,7,6,6,5623,35000000,20-Jan-17,13,30.6,12-Jan-17,d,3
676000,Y,7,6,6,5624,42700000,20-Jan-17,13,30.6,12-Jan-17,d,3
4295000,Y,7,6,6,5625,34400000,20-Jan-17,13,30.6,12-Jan-17,d,3
960000000,N,14,6,6,10403S,26100000,20-Jan-17,13,30.6,12-Jan-17,e,3
1312500000,N,14,6,6,5621,22800000,20-Jan-17,13,30.6,12-Jan-17,e,3
1226500000,N,14,6,6,5623,35000000,20-Jan-17,13,30.6,12-Jan-17,e,3
1155000000,N,14,6,6,5624,42700000,20-Jan-17,13,30.6,12-Jan-17,e,3
1265000000,N,14,6,6,5625,34400000,20-Jan-17,13,30.6,12-Jan-17,e,3
89950,Y,14,6,6,10403S,26100000,20-Jan-17,13,30.6,12-Jan-17,f,3
373000,Y,14,6,6,5621,22800000,20-Jan-17,13,30.6,12-Jan-17,f,3
239000,Y,14,6,6,5623,35000000,20-Jan-17,13,30.6,12-Jan-17,f,3
426500,Y,14,6,6,5624,42700000,20-Jan-17,13,30.6,12-Jan-17,f,3
5850000,Y,14,6,6,5625,34400000,20-Jan-17,13,30.6,12-Jan-17,f,3
185000000,N,1,6,5.5,10403S,35800000,18-Dec-16,8,164,7-Dec-16,a,1
159000000,N,1,6,5.5,5621,31700000,18-Dec-16,8,164,7-Dec-16,a,1
240500000,N,1,6,5.5,5623,27600000,18-Dec-16,8,164,7-Dec-16,a,1
204500000,N,1,6,5.5,5624,6140000,18-Dec-16,8,164,7-Dec-16,a,1
237500000,N,1,6,5.5,5625,31700000,18-Dec-16,8,164,7-Dec-16,a,1
72050000,Y,1,6,5.5,10403S,35800000,18-Dec-16,8,164,7-Dec-16,b,1
77850000,Y,1,6,5.5,5621,31700000,18-Dec-16,8,164,7-Dec-16,b,1
74600000,Y,1,6,5.5,5623,27600000,18-Dec-16,8,164,7-Dec-16,b,1
53200000,Y,1,6,5.5,5624,6140000,18-Dec-16,8,164,7-Dec-16,b,1
66850000,Y,1,6,5.5,5625,31700000,18-Dec-16,8,164,7-Dec-16,b,1
339000000,N,7,6,5.5,10403S,35800000,18-Dec-16,8,164,7-Dec-16,c,1
425500000,N,7,6,5.5,5621,31700000,18-Dec-16,8,164,7-Dec-16,c,1
385000000,N,7,6,5.5,5623,27600000,18-Dec-16,8,164,7-Dec-16,c,1
367500000,N,7,6,5.5,5624,6140000,18-Dec-16,8,164,7-Dec-16,c,1
363000000,N,7,6,5.5,5625,31700000,18-Dec-16,8,164,7-Dec-16,c,1
23400000,Y,7,6,5.5,10403S,35800000,18-Dec-16,8,164,7-Dec-16,d,1
63100000,Y,7,6,5.5,5621,31700000,18-Dec-16,8,164,7-Dec-16,d,1
37600000,Y,7,6,5.5,5623,27600000,18-Dec-16,8,164,7-Dec-16,d,1
10235000,Y,7,6,5.5,5624,6140000,18-Dec-16,8,164,7-Dec-16,d,1
65650000,Y,7,6,5.5,5625,31700000,18-Dec-16,8,164,7-Dec-16,d,1
511500000,N,14,6,5.5,10403S,35800000,18-Dec-16,8,164,7-Dec-16,e,1
803500000,N,14,6,5.5,5621,31700000,18-Dec-16,8,164,7-Dec-16,e,1
624000000,N,14,6,5.5,5623,27600000,18-Dec-16,8,164,7-Dec-16,e,1
734500000,N,14,6,5.5,5624,6140000,18-Dec-16,8,164,7-Dec-16,e,1
595500000,N,14,6,5.5,5625,31700000,18-Dec-16,8,164,7-Dec-16,e,1
202500000,Y,14,6,5.5,10403S,35800000,18-Dec-16,8,164,7-Dec-16,f,1
202500000,Y,14,6,5.5,5621,31700000,18-Dec-16,8,164,7-Dec-16,f,1
11850000,Y,14,6,5.5,5623,27600000,18-Dec-16,8,164,7-Dec-16,f,1
24550000,Y,14,6,5.5,5624,6140000,18-Dec-16,8,164,7-Dec-16,f,1
95050000,Y,14,6,5.5,5625,31700000,18-Dec-16,8,164,7-Dec-16,f,1
76450000,N,1,6,5.5,10403S,409000,20-Jan-17,7,0,6-Jan-17,a,2
136000000,N,1,6,5.5,5621,28200000,20-Jan-17,7,0,6-Jan-17,a,2
103500000,N,1,6,5.5,5623,24800000,20-Jan-17,7,0,6-Jan-17,a,2
182000000,N,1,6,5.5,5624,30400000,20-Jan-17,7,0,6-Jan-17,a,2
154000000,N,1,6,5.5,5625,21000000,20-Jan-17,7,0,6-Jan-17,a,2
94000000,Y,1,6,5.5,10403S,409000,20-Jan-17,7,0,6-Jan-17,b,2
102450000,Y,1,6,5.5,5621,28200000,20-Jan-17,7,0,6-Jan-17,b,2
144500000,Y,1,6,5.5,5623,24800000,20-Jan-17,7,0,6-Jan-17,b,2
119500000,Y,1,6,5.5,5624,30400000,20-Jan-17,7,0,6-Jan-17,b,2
146000000,Y,1,6,5.5,5625,21000000,20-Jan-17,7,0,6-Jan-17,b,2
262000000,N,7,6,5.5,10403S,409000,20-Jan-17,7,0,6-Jan-17,c,2
198500000,N,7,6,5.5,5621,28200000,20-Jan-17,7,0,6-Jan-17,c,2
202000000,N,7,6,5.5,5623,24800000,20-Jan-17,7,0,6-Jan-17,c,2
411500000,N,7,6,5.5,5624,30400000,20-Jan-17,7,0,6-Jan-17,c,2
327000000,N,7,6,5.5,5625,21000000,20-Jan-17,7,0,6-Jan-17,c,2
71400000,Y,7,6,5.5,10403S,409000,20-Jan-17,7,0,6-Jan-17,d,2
33150000,Y,7,6,5.5,5621,28200000,20-Jan-17,7,0,6-Jan-17,d,2
86650000,Y,7,6,5.5,5623,24800000,20-Jan-17,7,0,6-Jan-17,d,2
31600000,Y,7,6,5.5,5624,30400000,20-Jan-17,7,0,6-Jan-17,d,2
97750000,Y,7,6,5.5,5625,21000000,20-Jan-17,7,0,6-Jan-17,d,2
334000000,N,14,6,5.5,10403S,409000,20-Jan-17,7,0,6-Jan-17,e,2
308000000,N,14,6,5.5,5621,28200000,20-Jan-17,7,0,6-Jan-17,e,2
423000000,N,14,6,5.5,5623,24800000,20-Jan-17,7,0,6-Jan-17,e,2
544500000,N,14,6,5.5,5624,30400000,20-Jan-17,7,0,6-Jan-17,e,2
334000000,N,14,6,5.5,5625,21000000,20-Jan-17,7,0,6-Jan-17,e,2
54600000,Y,14,6,5.5,10403S,409000,20-Jan-17,7,0,6-Jan-17,f,2
89000000,Y,14,6,5.5,5621,28200000,20-Jan-17,7,0,6-Jan-17,f,2
10305000,Y,14,6,5.5,5623,24800000,20-Jan-17,7,0,6-Jan-17,f,2
20400000,Y,14,6,5.5,5624,30400000,20-Jan-17,7,0,6-Jan-17,f,2
122000000,Y,14,6,5.5,5625,21000000,20-Jan-17,7,0,6-Jan-17,f,2
19700000,N,1,6,5.5,10403S,16400000,27-Jan-17,7,20.4,13-Jan-17,a,3
17600000,N,1,6,5.5,5621,14600000,27-Jan-17,7,20.4,13-Jan-17,a,3
28600000,N,1,6,5.5,5623,32900000,27-Jan-17,7,20.4,13-Jan-17,a,3
30000000,N,1,6,5.5,5624,11700000,27-Jan-17,7,20.4,13-Jan-17,a,3
31950000,N,1,6,5.5,5625,10200000,27-Jan-17,7,20.4,13-Jan-17,a,3
10410000,Y,1,6,5.5,10403S,16400000,27-Jan-17,7,20.4,13-Jan-17,b,3
18400000,Y,1,6,5.5,5621,14600000,27-Jan-17,7,20.4,13-Jan-17,b,3
5455000,Y,1,6,5.5,5623,32900000,27-Jan-17,7,20.4,13-Jan-17,b,3
8265000,Y,1,6,5.5,5624,11700000,27-Jan-17,7,20.4,13-Jan-17,b,3
10400000,Y,1,6,5.5,5625,10200000,27-Jan-17,7,20.4,13-Jan-17,b,3
24650000,N,7,6,5.5,10403S,16400000,27-Jan-17,7,20.4,13-Jan-17,c,3
15900000,N,7,6,5.5,5621,14600000,27-Jan-17,7,20.4,13-Jan-17,c,3
22750000,N,7,6,5.5,5623,32900000,27-Jan-17,7,20.4,13-Jan-17,c,3
37300000,N,7,6,5.5,5624,11700000,27-Jan-17,7,20.4,13-Jan-17,c,3
20800000,N,7,6,5.5,5625,10200000,27-Jan-17,7,20.4,13-Jan-17,c,3
1995000,Y,7,6,5.5,10403S,16400000,27-Jan-17,7,20.4,13-Jan-17,d,3
2925000,Y,7,6,5.5,5621,14600000,27-Jan-17,7,20.4,13-Jan-17,d,3
517500,Y,7,6,5.5,5623,32900000,27-Jan-17,7,20.4,13-Jan-17,d,3
458500,Y,7,6,5.5,5624,11700000,27-Jan-17,7,20.4,13-Jan-17,d,3
1245000,Y,7,6,5.5,5625,10200000,27-Jan-17,7,20.4,13-Jan-17,d,3
21150000,N,14,6,5.5,10403S,16400000,27-Jan-17,7,20.4,13-Jan-17,e,3
16950000,N,14,6,5.5,5621,14600000,27-Jan-17,7,20.4,13-Jan-17,e,3
22350000,N,14,6,5.5,5623,32900000,27-Jan-17,7,20.4,13-Jan-17,e,3
33400000,N,14,6,5.5,5624,11700000,27-Jan-17,7,20.4,13-Jan-17,e,3
24200000,N,14,6,5.5,5625,10200000,27-Jan-17,7,20.4,13-Jan-17,e,3
836500,Y,14,6,5.5,10403S,16400000,27-Jan-17,7,20.4,13-Jan-17,f,3
3190000,Y,14,6,5.5,5621,14600000,27-Jan-17,7,20.4,13-Jan-17,f,3
310500,Y,14,6,5.5,5623,32900000,27-Jan-17,7,20.4,13-Jan-17,f,3
608500,Y,14,6,5.5,5624,11700000,27-Jan-17,7,20.4,13-Jan-17,f,3
1526000,Y,14,6,5.5,5625,10200000,27-Jan-17,7,20.4,13-Jan-17,f,3